<?xml version="1.0" encoding="UTF-8"?>
<beans xmlns="http://www.springframework.org/schema/beans"
    xmlns:context="http://www.springframework.org/schema/context"
    xmlns:xsi="http://www.w3.org/2001/XMLSchema-instance"
    xsi:schemaLocation="http://www.springframework.org/schema/beans 
    http://www.springframework.org/schema/beans/spring-beans.xsd 
    http://www.springframework.org/schema/context http://www.springframework.org/schema/context/spring-context.xsd">
	
	<context:component-scan base-package="edu.aeu.msit"/>
	<context:annotation-config />
	<context:spring-configured/>
	
<!--     <bean id="dataSource" class="org.springframework.jdbc.datasource.DriverManagerDataSource">
        <property name="driverClassName" value="com.mysql.jdbc.Driver"/>
        <property name="url" value="jdbc:mysql://localhost:3306/testdb?useSSL=false"/>
        <property name="username" value="testuser"/>
        <property name="password" value="test623"/>
    </bean> -->
    
    <bean id="postgres-dataSource" class="org.springframework.jdbc.datasource.DriverManagerDataSource">
        <property name="driverClassName" value="org.postgresql.Driver"/>
        <property name="url" value="jdbc:postgresql://localhost:5432/javacambodia-jdb"/>
        <property name="username" value="postgres"/>
        <property name="password" value="postgres"/>
    </bean>
    
    <bean id="jdbcTemplate" class="org.springframework.jdbc.core.JdbcTemplate">
        <property name="dataSource" ref="postgres-dataSource"/>
    </bean>   
    
<!--     <bean id="lessonRepository" class="edu.aeu.msit.repository.impl.LessonRepositoryImpl"/>
    <bean id="studentRepository" class="edu.aeu.msit.repository.impl.StudentRepositoryImpl"/>
    
    <bean id="lessonService" class="edu.aeu.msit.service.impl.LessonServiceImpl"/>
    <bean id="studentService" class="edu.aeu.msit.service.impl.StudentServiceImpl"/> -->
</beans>